{
    "meta": "lr",
    "classes_": [
        0,
        1
    ],
    "coef_": [
        [
            -1.05167283022857e-08,
            -3.949869128307642e-10,
            -2.0369377620963784e-10,
            -6.751096627360601e-10,
            -3.549526972738676e-07,
            -1.9706404519339237e-08,
            -9.548988278996088e-10,
            4.238360025828119e-06,
            -5.012453124496848e-06,
            1.8252195238442084e-08,
            1.8773190281856628e-10,
            -1.2260852528899205e-08,
            2.323405136215382e-10,
            -3.3727818554451716e-05,
            -9.643098423085556e-12,
            1.4156173582058222e-10,
            -2.0455014617747848e-10,
            -4.322688142290328e-10,
            -4.920614023281663e-11,
            6.886177171661396e-09,
            1.1930050572546865e-09
        ]
    ],
    "intercept_": [
        -2.0174828635097198e-12
    ],
    "n_iter_": [
        100
    ],
    "params": {
        "C": 1.0,
        "class_weight": null,
        "dual": false,
        "fit_intercept": true,
        "intercept_scaling": 1,
        "l1_ratio": null,
        "max_iter": 100,
        "multi_class": "auto",
        "n_jobs": null,
        "penalty": "l2",
        "random_state": null,
        "solver": "lbfgs",
        "tol": 0.0001,
        "verbose": 0,
        "warm_start": false
    }
}